[{"model": "admin.logentry", "pk": 1, "fields": {"action_time": "2024-03-26T19:23:18.236Z", "user": 1, "content_type": 7, "object_id": "c8331415-aacd-4fea-9c6d-efab429807e4", "object_repr": "Maths", "action_flag": 1, "change_message": "[{\"added\": {}}]"}}, {"model": "admin.logentry", "pk": 2, "fields": {"action_time": "2024-03-26T19:23:24.130Z", "user": 1, "content_type": 7, "object_id": "8246d936-e928-470c-be2a-718d48c19943", "object_repr": "English", "action_flag": 1, "change_message": "[{\"added\": {}}]"}}, {"model": "admin.logentry", "pk": 3, "fields": {"action_time": "2024-03-26T19:23:31.662Z", "user": 1, "content_type": 7, "object_id": "37fe3b73-9b13-495c-bf6d-117a71677d0e", "object_repr": "Physics", "action_flag": 1, "change_message": "[{\"added\": {}}]"}}, {"model": "admin.logentry", "pk": 4, "fields": {"action_time": "2024-03-26T19:23:39.157Z", "user": 1, "content_type": 7, "object_id": "5958769f-0f02-4759-931c-67370887263d", "object_repr": "History", "action_flag": 1, "change_message": "[{\"added\": {}}]"}}, {"model": "auth.permission", "pk": 1, "fields": {"name": "Can add log entry", "content_type": 1, "codename": "add_logentry"}}, {"model": "auth.permission", "pk": 2, "fields": {"name": "Can change log entry", "content_type": 1, "codename": "change_logentry"}}, {"model": "auth.permission", "pk": 3, "fields": {"name": "Can delete log entry", "content_type": 1, "codename": "delete_logentry"}}, {"model": "auth.permission", "pk": 4, "fields": {"name": "Can view log entry", "content_type": 1, "codename": "view_logentry"}}, {"model": "auth.permission", "pk": 5, "fields": {"name": "Can add permission", "content_type": 2, "codename": "add_permission"}}, {"model": "auth.permission", "pk": 6, "fields": {"name": "Can change permission", "content_type": 2, "codename": "change_permission"}}, {"model": "auth.permission", "pk": 7, "fields": {"name": "Can delete permission", "content_type": 2, "codename": "delete_permission"}}, {"model": "auth.permission", "pk": 8, "fields": {"name": "Can view permission", "content_type": 2, "codename": "view_permission"}}, {"model": "auth.permission", "pk": 9, "fields": {"name": "Can add group", "content_type": 3, "codename": "add_group"}}, {"model": "auth.permission", "pk": 10, "fields": {"name": "Can change group", "content_type": 3, "codename": "change_group"}}, {"model": "auth.permission", "pk": 11, "fields": {"name": "Can delete group", "content_type": 3, "codename": "delete_group"}}, {"model": "auth.permission", "pk": 12, "fields": {"name": "Can view group", "content_type": 3, "codename": "view_group"}}, {"model": "auth.permission", "pk": 13, "fields": {"name": "Can add content type", "content_type": 4, "codename": "add_contenttype"}}, {"model": "auth.permission", "pk": 14, "fields": {"name": "Can change content type", "content_type": 4, "codename": "change_contenttype"}}, {"model": "auth.permission", "pk": 15, "fields": {"name": "Can delete content type", "content_type": 4, "codename": "delete_contenttype"}}, {"model": "auth.permission", "pk": 16, "fields": {"name": "Can view content type", "content_type": 4, "codename": "view_contenttype"}}, {"model": "auth.permission", "pk": 17, "fields": {"name": "Can add session", "content_type": 5, "codename": "add_session"}}, {"model": "auth.permission", "pk": 18, "fields": {"name": "Can change session", "content_type": 5, "codename": "change_session"}}, {"model": "auth.permission", "pk": 19, "fields": {"name": "Can delete session", "content_type": 5, "codename": "delete_session"}}, {"model": "auth.permission", "pk": 20, "fields": {"name": "Can view session", "content_type": 5, "codename": "view_session"}}, {"model": "auth.permission", "pk": 21, "fields": {"name": "Can add question", "content_type": 6, "codename": "add_question"}}, {"model": "auth.permission", "pk": 22, "fields": {"name": "Can change question", "content_type": 6, "codename": "change_question"}}, {"model": "auth.permission", "pk": 23, "fields": {"name": "Can delete question", "content_type": 6, "codename": "delete_question"}}, {"model": "auth.permission", "pk": 24, "fields": {"name": "Can view question", "content_type": 6, "codename": "view_question"}}, {"model": "auth.permission", "pk": 25, "fields": {"name": "Can add subject", "content_type": 7, "codename": "add_subject"}}, {"model": "auth.permission", "pk": 26, "fields": {"name": "Can change subject", "content_type": 7, "codename": "change_subject"}}, {"model": "auth.permission", "pk": 27, "fields": {"name": "Can delete subject", "content_type": 7, "codename": "delete_subject"}}, {"model": "auth.permission", "pk": 28, "fields": {"name": "Can view subject", "content_type": 7, "codename": "view_subject"}}, {"model": "auth.permission", "pk": 29, "fields": {"name": "Can add user", "content_type": 8, "codename": "add_customuser"}}, {"model": "auth.permission", "pk": 30, "fields": {"name": "Can change user", "content_type": 8, "codename": "change_customuser"}}, {"model": "auth.permission", "pk": 31, "fields": {"name": "Can delete user", "content_type": 8, "codename": "delete_customuser"}}, {"model": "auth.permission", "pk": 32, "fields": {"name": "Can view user", "content_type": 8, "codename": "view_customuser"}}, {"model": "auth.permission", "pk": 33, "fields": {"name": "Can add option", "content_type": 9, "codename": "add_option"}}, {"model": "auth.permission", "pk": 34, "fields": {"name": "Can change option", "content_type": 9, "codename": "change_option"}}, {"model": "auth.permission", "pk": 35, "fields": {"name": "Can delete option", "content_type": 9, "codename": "delete_option"}}, {"model": "auth.permission", "pk": 36, "fields": {"name": "Can view option", "content_type": 9, "codename": "view_option"}}, {"model": "auth.permission", "pk": 37, "fields": {"name": "Can add quiz", "content_type": 10, "codename": "add_quiz"}}, {"model": "auth.permission", "pk": 38, "fields": {"name": "Can change quiz", "content_type": 10, "codename": "change_quiz"}}, {"model": "auth.permission", "pk": 39, "fields": {"name": "Can delete quiz", "content_type": 10, "codename": "delete_quiz"}}, {"model": "auth.permission", "pk": 40, "fields": {"name": "Can view quiz", "content_type": 10, "codename": "view_quiz"}}, {"model": "auth.permission", "pk": 41, "fields": {"name": "Can add quiz attempt", "content_type": 11, "codename": "add_quizattempt"}}, {"model": "auth.permission", "pk": 42, "fields": {"name": "Can change quiz attempt", "content_type": 11, "codename": "change_quizattempt"}}, {"model": "auth.permission", "pk": 43, "fields": {"name": "Can delete quiz attempt", "content_type": 11, "codename": "delete_quizattempt"}}, {"model": "auth.permission", "pk": 44, "fields": {"name": "Can view quiz attempt", "content_type": 11, "codename": "view_quizattempt"}}, {"model": "auth.permission", "pk": 45, "fields": {"name": "Can add answer", "content_type": 12, "codename": "add_answer"}}, {"model": "auth.permission", "pk": 46, "fields": {"name": "Can change answer", "content_type": 12, "codename": "change_answer"}}, {"model": "auth.permission", "pk": 47, "fields": {"name": "Can delete answer", "content_type": 12, "codename": "delete_answer"}}, {"model": "auth.permission", "pk": 48, "fields": {"name": "Can view answer", "content_type": 12, "codename": "view_answer"}}, {"model": "auth.permission", "pk": 49, "fields": {"name": "Can add planned quiz", "content_type": 13, "codename": "add_plannedquiz"}}, {"model": "auth.permission", "pk": 50, "fields": {"name": "Can change planned quiz", "content_type": 13, "codename": "change_plannedquiz"}}, {"model": "auth.permission", "pk": 51, "fields": {"name": "Can delete planned quiz", "content_type": 13, "codename": "delete_plannedquiz"}}, {"model": "auth.permission", "pk": 52, "fields": {"name": "Can view planned quiz", "content_type": 13, "codename": "view_plannedquiz"}}, {"model": "sessions.session", "pk": "6337mr8lojqeufxepo3ipwxza0ztdf8o", "fields": {"session_data": ".eJxVi8sKAjEMRf-laxloMjWpS8HvKElaafEB2ulG8d9VmIUuzz33PF2SsdQ0ermnlt3Oodv8bip2KtevuI32mFbs0-Ei7bxf5V9RpdfPnTwzQfQIBkGjmS_EksHoSDGAR89Rg1FQRAoIJds8i2U12maI7F5vLNUxpQ:1rpCZW:83icCiVyziYyD75loAG56n1XqQO4QIBpC1IAO9hm2kc", "expire_date": "2024-04-09T19:34:58.259Z"}}, {"model": "sessions.session", "pk": "74xm72wh15h7n4ei5unagxhtng73uv98", "fields": {"session_data": ".eJxVi0sOAiEQBe_C2kyApmFwaeI5SEM3gfhJFGej8e6OySx0-arqvVSi5dHSMuSeOqu9cmr3yzKVk1y_4rb057TNMR0v1M-HTf49Go225hqjaAwgrpRgdI02-sCsQZua3coRnAQxAIgz4Gwo28I1-2iJPUf1_gAuJjGZ:1rpCbK:kWqR9cIBYTIrVNSISVBLin44YWP4Y4qX7x7TApOiW-I", "expire_date": "2024-04-09T19:36:50.055Z"}}, {"model": "sessions.session", "pk": "8vxzkged7c10jqexkdduseer34bfxx3m", "fields": {"session_data": ".eJxVi0sOAiEQBe_C2ky6gebj0sRzEGiYQPwkyrDRePcZk1nosl69eosQx1LD6OUZWhZHgeLwu6XIl3L_isdor2nHPp1vsV1Pu_wraux1u89EGbwxkn2R2hJZcs5rhAQaIElVaCbLjCoZdAAWIiCydDYzu6LEZwUVPTDE:1rpCNn:K0f02NtRQjGhAh8k1v3y4laGlHa4wl3BHjPlyc5I47Q", "expire_date": "2024-04-09T19:22:51.347Z"}}, {"model": "sessions.session", "pk": "umwmouy25gcuc1uwctl7fq189pu98cn6", "fields": {"session_data": ".eJxVjEsKwzAMBe_idQmyZcmhy0LPYaTIwaYfaBNvWnr3EsiiXc4b3rxdlr7W3JfyzM3c0ZE7_G4q06XcN_Ho7TXsuAznm7TraZd_jypL3TqsBsheKCAG9QlUp1mUwSyA-WRRBEsizxxHQBwJLSriTBC5kPt8AUHRMWw:1rqBAA:FgmSnlDUwcpX_8EwRx-b9btVpFYUltErNxJ_ZUaeq7k", "expire_date": "2024-04-12T12:16:50.076Z"}}, {"model": "sessions.session", "pk": "xgmmsz39lesm0rnvvf9otfmee9hspoxp", "fields": {"session_data": ".eJxVi0sOAiEQBe_C2kwQm-nGpYnnIA3dBOInUYaNxrurySx0Wa9ePU3ksdQ4ut5jE7M3zmx-t8T5pNevuI32mFbs0_HC7XxY5V9RudfPHTUEssgKZasp-4CCwUoRSow-gUIGKTNREUlWAYO4eWctkfNAUszrDW2_Mq0:1rpCTo:sFtdcbo6N3HAlp7jB9xbQqAXKUNGoosdQHtnDpq0cW8", "expire_date": "2024-04-09T19:29:04.353Z"}}, {"model": "quiz.subject", "pk": "37fe3b73-9b13-495c-bf6d-117a71677d0e", "fields": {"name": "Physics"}}, {"model": "quiz.subject", "pk": "5958769f-0f02-4759-931c-67370887263d", "fields": {"name": "History"}}, {"model": "quiz.subject", "pk": "8246d936-e928-470c-be2a-718d48c19943", "fields": {"name": "English"}}, {"model": "quiz.subject", "pk": "c8331415-aacd-4fea-9c6d-efab429807e4", "fields": {"name": "Maths"}}, {"model": "quiz.quiz", "pk": "33c5539f-065c-454c-939d-dae0bad8d309", "fields": {"title": "Opposite", "description": "Testing simple opposites", "time_limit": 3, "subject": "8246d936-e928-470c-be2a-718d48c19943", "created_by": 2, "max_attempts": 3, "pass_mark": 80, "published": true}}, {"model": "quiz.quiz", "pk": "43ec6d72-a974-4064-b8bd-d92867d590f2", "fields": {"title": "History of Kenya", "description": "Testing Kenyan History", "time_limit": 2, "subject": "5958769f-0f02-4759-931c-67370887263d", "created_by": 3, "max_attempts": 4, "pass_mark": 70, "published": false}}, {"model": "quiz.quiz", "pk": "eda5dfeb-16c6-41db-b76f-2f1723b76a5e", "fields": {"title": "Decimals", "description": "Testing decimals", "time_limit": 4, "subject": "c8331415-aacd-4fea-9c6d-efab429807e4", "created_by": 2, "max_attempts": 3, "pass_mark": 70, "published": true}}, {"model": "quiz.quiz", "pk": "f51c9f4d-8c39-4733-889f-b8e3ebbf4645", "fields": {"title": "Plural", "description": "Testing simple plurals", "time_limit": 4, "subject": "8246d936-e928-470c-be2a-718d48c19943", "created_by": 3, "max_attempts": 3, "pass_mark": 70, "published": true}}, {"model": "quiz.question", "pk": "036b4493-5d91-4e1d-8f5e-6a6b91393f4d", "fields": {"quiz": "43ec6d72-a974-4064-b8bd-d92867d590f2", "text": "Who was the second president of Kenya", "marks": 3}}, {"model": "quiz.question", "pk": "2218799d-b0b1-428b-abef-d482ea133478", "fields": {"quiz": "f51c9f4d-8c39-4733-889f-b8e3ebbf4645", "text": "milk", "marks": 3}}, {"model": "quiz.question", "pk": "49fac0be-6ffd-4855-a33c-987f54a8f97b", "fields": {"quiz": "eda5dfeb-16c6-41db-b76f-2f1723b76a5e", "text": "0.8 + 0.1", "marks": 5}}, {"model": "quiz.question", "pk": "77f5e7aa-2f82-4636-ad19-cb4211a1911c", "fields": {"quiz": "f51c9f4d-8c39-4733-889f-b8e3ebbf4645", "text": "beef", "marks": 3}}, {"model": "quiz.question", "pk": "8cc64443-a338-48e2-b1da-158e87e0e9e9", "fields": {"quiz": "33c5539f-065c-454c-939d-dae0bad8d309", "text": "cry", "marks": 5}}, {"model": "quiz.question", "pk": "a4c77adf-3014-43ae-8d6c-94cf2c4cacb2", "fields": {"quiz": "eda5dfeb-16c6-41db-b76f-2f1723b76a5e", "text": "3.5 - 2.1", "marks": 5}}, {"model": "quiz.question", "pk": "a61f05dc-6850-46f8-ae4e-afab6e42d215", "fields": {"quiz": "f51c9f4d-8c39-4733-889f-b8e3ebbf4645", "text": "cow", "marks": 3}}, {"model": "quiz.question", "pk": "af21abab-fb0d-4c21-9f33-4b22197ae288", "fields": {"quiz": "33c5539f-065c-454c-939d-dae0bad8d309", "text": "stand", "marks": 5}}, {"model": "quiz.question", "pk": "cb5b1f1a-d4a2-443f-afd1-a3accf994a5b", "fields": {"quiz": "33c5539f-065c-454c-939d-dae0bad8d309", "text": "come", "marks": 5}}, {"model": "quiz.question", "pk": "cc3ac08a-4e45-4182-b2c2-aaad8c9b9d1c", "fields": {"quiz": "43ec6d72-a974-4064-b8bd-d92867d590f2", "text": "When did Kenya gain Independence?", "marks": 3}}, {"model": "quiz.question", "pk": "dbd6ca71-46de-4c24-9f04-5cf7c3e0840b", "fields": {"quiz": "43ec6d72-a974-4064-b8bd-d92867d590f2", "text": "What is the capital city of Kenya", "marks": 3}}, {"model": "quiz.question", "pk": "fac2d214-c791-4186-b01f-629a5b393794", "fields": {"quiz": "43ec6d72-a974-4064-b8bd-d92867d590f2", "text": "How many counties are there in Kenya?", "marks": 3}}, {"model": "quiz.question", "pk": "fb85b9e6-5157-448f-ae3a-cffcc3f573d0", "fields": {"quiz": "eda5dfeb-16c6-41db-b76f-2f1723b76a5e", "text": "5.5 - 6.5", "marks": 5}}, {"model": "quiz.option", "pk": "06fd05c9-601d-4fae-b436-45edcf285932", "fields": {"question": "fac2d214-c791-4186-b01f-629a5b393794", "text": "48", "is_correct": false}}, {"model": "quiz.option", "pk": "0c605a8b-1e52-4442-8d02-413680e63d2a", "fields": {"question": "cc3ac08a-4e45-4182-b2c2-aaad8c9b9d1c", "text": "1965", "is_correct": false}}, {"model": "quiz.option", "pk": "0ce93605-1c75-47ed-863a-10e20c5efb20", "fields": {"question": "036b4493-5d91-4e1d-8f5e-6a6b91393f4d", "text": "Daniel Moi", "is_correct": true}}, {"model": "quiz.option", "pk": "0f06a2ce-ff4a-460a-a428-b2ba2626b379", "fields": {"question": "49fac0be-6ffd-4855-a33c-987f54a8f97b", "text": "0.9", "is_correct": true}}, {"model": "quiz.option", "pk": "13544ba1-831c-4b9e-b093-fe57a0d5a6ce", "fields": {"question": "a61f05dc-6850-46f8-ae4e-afab6e42d215", "text": "cow", "is_correct": false}}, {"model": "quiz.option", "pk": "18fe8f2c-f955-41db-aac4-ee51287d7a9e", "fields": {"question": "cb5b1f1a-d4a2-443f-afd1-a3accf994a5b", "text": "goes", "is_correct": false}}, {"model": "quiz.option", "pk": "1a656585-ae93-44f2-881f-cf878cb1e5b2", "fields": {"question": "fac2d214-c791-4186-b01f-629a5b393794", "text": "49", "is_correct": false}}, {"model": "quiz.option", "pk": "1d3ef92f-9c99-4181-9e60-58e8b109e5f8", "fields": {"question": "fb85b9e6-5157-448f-ae3a-cffcc3f573d0", "text": "12", "is_correct": false}}, {"model": "quiz.option", "pk": "2ca30f40-70e0-44fe-84ad-d59781b2351c", "fields": {"question": "a4c77adf-3014-43ae-8d6c-94cf2c4cacb2", "text": "5.5", "is_correct": false}}, {"model": "quiz.option", "pk": "31fdefdd-91a9-42ee-a0cb-3c35fec206e2", "fields": {"question": "49fac0be-6ffd-4855-a33c-987f54a8f97b", "text": "0.90", "is_correct": true}}, {"model": "quiz.option", "pk": "49e72b76-3d65-41d0-818a-6961425e8c6a", "fields": {"question": "49fac0be-6ffd-4855-a33c-987f54a8f97b", "text": "0.7", "is_correct": false}}, {"model": "quiz.option", "pk": "4b948711-98e3-43d9-b298-077ea7706287", "fields": {"question": "a4c77adf-3014-43ae-8d6c-94cf2c4cacb2", "text": "1.4", "is_correct": true}}, {"model": "quiz.option", "pk": "5b1c97a1-7c21-4467-afc7-5ba11f92b0a2", "fields": {"question": "af21abab-fb0d-4c21-9f33-4b22197ae288", "text": "sit", "is_correct": true}}, {"model": "quiz.option", "pk": "5ddb7c0c-8f0f-4af3-a0a6-f8d7ddb5fa03", "fields": {"question": "dbd6ca71-46de-4c24-9f04-5cf7c3e0840b", "text": "Nakuru", "is_correct": false}}, {"model": "quiz.option", "pk": "65e0ce56-9bd9-45d7-80db-bae47752cb28", "fields": {"question": "036b4493-5d91-4e1d-8f5e-6a6b91393f4d", "text": "Oginga Odinga", "is_correct": false}}, {"model": "quiz.option", "pk": "698a3a63-8a8d-4b60-b3ff-7e046e791b69", "fields": {"question": "cc3ac08a-4e45-4182-b2c2-aaad8c9b9d1c", "text": "1963", "is_correct": true}}, {"model": "quiz.option", "pk": "6d374b2d-c746-47ce-afe6-ee0cb26599f8", "fields": {"question": "2218799d-b0b1-428b-abef-d482ea133478", "text": "milk", "is_correct": true}}, {"model": "quiz.option", "pk": "72bfea36-71d2-4cd8-b4ea-5ecba453b49c", "fields": {"question": "a61f05dc-6850-46f8-ae4e-afab6e42d215", "text": "cows", "is_correct": true}}, {"model": "quiz.option", "pk": "76ef2858-2a7d-446f-b6f9-aeb868f0fcd2", "fields": {"question": "cb5b1f1a-d4a2-443f-afd1-a3accf994a5b", "text": "go", "is_correct": true}}, {"model": "quiz.option", "pk": "7bf198bb-c820-4059-a27b-a724c9e8e6a6", "fields": {"question": "cc3ac08a-4e45-4182-b2c2-aaad8c9b9d1c", "text": "1964", "is_correct": false}}, {"model": "quiz.option", "pk": "847c7746-b9d6-4e09-8ce3-fe86115f3df4", "fields": {"question": "2218799d-b0b1-428b-abef-d482ea133478", "text": "Milk", "is_correct": true}}, {"model": "quiz.option", "pk": "8c06ed39-7232-48bf-87d2-b7f58272e59b", "fields": {"question": "036b4493-5d91-4e1d-8f5e-6a6b91393f4d", "text": "Jomo Kenyatta", "is_correct": false}}, {"model": "quiz.option", "pk": "921f9964-39ea-4fbe-866f-fc5824249a6b", "fields": {"question": "fb85b9e6-5157-448f-ae3a-cffcc3f573d0", "text": "1.0", "is_correct": false}}, {"model": "quiz.option", "pk": "923f81d1-5c76-4143-b0a1-c4c07a783a07", "fields": {"question": "a4c77adf-3014-43ae-8d6c-94cf2c4cacb2", "text": "5.6", "is_correct": false}}, {"model": "quiz.option", "pk": "9af8fa2b-cec8-4e37-a1db-b38ab24b8669", "fields": {"question": "77f5e7aa-2f82-4636-ad19-cb4211a1911c", "text": "beef", "is_correct": true}}, {"model": "quiz.option", "pk": "9c59bb9f-ecd2-403e-b826-b0039356c15d", "fields": {"question": "dbd6ca71-46de-4c24-9f04-5cf7c3e0840b", "text": "Mombasa", "is_correct": false}}, {"model": "quiz.option", "pk": "ad137e7a-7bd8-4b7d-b47d-52ffcf11d392", "fields": {"question": "fac2d214-c791-4186-b01f-629a5b393794", "text": "47", "is_correct": true}}, {"model": "quiz.option", "pk": "b5d287e3-d62d-4644-aea8-22292cb846ae", "fields": {"question": "8cc64443-a338-48e2-b1da-158e87e0e9e9", "text": "loud", "is_correct": false}}, {"model": "quiz.option", "pk": "bf41775a-167e-4d70-809d-499c366236eb", "fields": {"question": "036b4493-5d91-4e1d-8f5e-6a6b91393f4d", "text": "Arap Moi", "is_correct": true}}, {"model": "quiz.option", "pk": "bf451b9a-c586-410c-beb4-73518d4949a6", "fields": {"question": "af21abab-fb0d-4c21-9f33-4b22197ae288", "text": "run", "is_correct": false}}, {"model": "quiz.option", "pk": "c645e827-8813-403d-b7e5-2a76b9ea70f5", "fields": {"question": "fb85b9e6-5157-448f-ae3a-cffcc3f573d0", "text": "-1.0", "is_correct": true}}, {"model": "quiz.option", "pk": "ce67b674-9426-4436-8a10-89f220c449b5", "fields": {"question": "fac2d214-c791-4186-b01f-629a5b393794", "text": "50", "is_correct": false}}, {"model": "quiz.option", "pk": "d2e7cf85-5f9c-45d1-9780-02e09ea14fec", "fields": {"question": "dbd6ca71-46de-4c24-9f04-5cf7c3e0840b", "text": "Nairobi", "is_correct": true}}, {"model": "quiz.option", "pk": "dab02923-9ffe-4f4d-ac96-4bb1504b27f1", "fields": {"question": "cc3ac08a-4e45-4182-b2c2-aaad8c9b9d1c", "text": "1962", "is_correct": false}}, {"model": "quiz.option", "pk": "dd6f2e63-db94-4d33-8fc3-f63f3473b1a6", "fields": {"question": "77f5e7aa-2f82-4636-ad19-cb4211a1911c", "text": "beefs", "is_correct": false}}, {"model": "quiz.option", "pk": "de80b2d7-f0c5-4a81-b1e6-24d2a7f4324a", "fields": {"question": "dbd6ca71-46de-4c24-9f04-5cf7c3e0840b", "text": "Kisumu", "is_correct": false}}, {"model": "quiz.option", "pk": "fd8681f2-5c1b-4a51-a3a6-501b8eae89c3", "fields": {"question": "8cc64443-a338-48e2-b1da-158e87e0e9e9", "text": "laugh", "is_correct": true}}, {"model": "quiz.plannedquiz", "pk": "4bf3e1e3-def5-41db-b935-a09b73f69067", "fields": {"student": 4, "quiz": "33c5539f-065c-454c-939d-dae0bad8d309", "taken": false}}, {"model": "quiz.quizattempt", "pk": "1e5228ad-c977-4775-a021-abe28e3b38e2", "fields": {"user": 3, "quiz": "43ec6d72-a974-4064-b8bd-d92867d590f2", "score": 0, "percentage_score": 0, "passed": false, "date_attempted": "2024-03-27T15:28:27.245Z", "start_time": "2024-03-27T15:28:27.245Z", "end_time": null, "expired": false}}, {"model": "quiz.quizattempt", "pk": "25c8f443-f8f3-40f4-bf76-32cddc23e589", "fields": {"user": 3, "quiz": "43ec6d72-a974-4064-b8bd-d92867d590f2", "score": 0, "percentage_score": 0, "passed": false, "date_attempted": "2024-03-27T15:24:43.854Z", "start_time": "2024-03-27T15:24:43.854Z", "end_time": null, "expired": false}}, {"model": "quiz.quizattempt", "pk": "2c2a84db-4d59-4262-aa8c-359c378e35ec", "fields": {"user": 5, "quiz": "33c5539f-065c-454c-939d-dae0bad8d309", "score": 15, "percentage_score": 100, "passed": true, "date_attempted": "2024-03-29T12:00:26.099Z", "start_time": "2024-03-29T12:00:26.099Z", "end_time": "2024-03-29T12:00:31.704Z", "expired": false}}, {"model": "quiz.quizattempt", "pk": "2f4928ce-15ef-484c-a8f2-dc6986f269a1", "fields": {"user": 3, "quiz": "43ec6d72-a974-4064-b8bd-d92867d590f2", "score": 0, "percentage_score": 0, "passed": false, "date_attempted": "2024-03-27T15:27:44.762Z", "start_time": "2024-03-27T15:27:44.761Z", "end_time": null, "expired": false}}, {"model": "quiz.quizattempt", "pk": "3090ffa6-a876-4f32-8d73-868d32115986", "fields": {"user": 3, "quiz": "43ec6d72-a974-4064-b8bd-d92867d590f2", "score": 0, "percentage_score": 0, "passed": false, "date_attempted": "2024-03-27T15:22:34.211Z", "start_time": "2024-03-27T15:22:34.211Z", "end_time": null, "expired": false}}, {"model": "quiz.quizattempt", "pk": "34da4f68-c692-466d-93aa-26ea6be93800", "fields": {"user": 3, "quiz": "43ec6d72-a974-4064-b8bd-d92867d590f2", "score": 0, "percentage_score": 0, "passed": false, "date_attempted": "2024-03-27T15:26:20.547Z", "start_time": "2024-03-27T15:26:20.544Z", "end_time": null, "expired": false}}, {"model": "quiz.quizattempt", "pk": "46da7762-dfc0-4b10-97de-a00b1b9d7267", "fields": {"user": 4, "quiz": "eda5dfeb-16c6-41db-b76f-2f1723b76a5e", "score": 15, "percentage_score": 100, "passed": true, "date_attempted": "2024-03-26T20:00:17.466Z", "start_time": "2024-03-26T20:00:17.466Z", "end_time": "2024-03-26T20:00:27.659Z", "expired": false}}, {"model": "quiz.quizattempt", "pk": "50bb4cf6-29ed-4cce-939c-e3ba96e6453d", "fields": {"user": 3, "quiz": "43ec6d72-a974-4064-b8bd-d92867d590f2", "score": 0, "percentage_score": 0, "passed": false, "date_attempted": "2024-03-27T11:46:36.512Z", "start_time": "2024-03-27T11:46:36.509Z", "end_time": null, "expired": false}}, {"model": "quiz.quizattempt", "pk": "5f6cbe64-3e3a-4db4-964f-584e8352360b", "fields": {"user": 4, "quiz": "f51c9f4d-8c39-4733-889f-b8e3ebbf4645", "score": 6, "percentage_score": 67, "passed": false, "date_attempted": "2024-03-29T12:23:07.001Z", "start_time": "2024-03-29T12:23:07.000Z", "end_time": "2024-03-29T12:23:15.554Z", "expired": false}}, {"model": "quiz.quizattempt", "pk": "603217e0-c2b9-4c8c-862c-0c85258eb3eb", "fields": {"user": 3, "quiz": "43ec6d72-a974-4064-b8bd-d92867d590f2", "score": 0, "percentage_score": 0, "passed": false, "date_attempted": "2024-03-27T15:21:33.635Z", "start_time": "2024-03-27T15:21:33.635Z", "end_time": null, "expired": false}}, {"model": "quiz.quizattempt", "pk": "6a7fb78b-9351-4903-baa6-e528c11fe103", "fields": {"user": 4, "quiz": "43ec6d72-a974-4064-b8bd-d92867d590f2", "score": 12, "percentage_score": 100, "passed": true, "date_attempted": "2024-03-28T16:19:16.250Z", "start_time": "2024-03-28T16:19:16.245Z", "end_time": "2024-03-28T16:19:27.493Z", "expired": false}}, {"model": "quiz.quizattempt", "pk": "6fed2200-4303-44cf-93ec-0f8088ff0958", "fields": {"user": 5, "quiz": "43ec6d72-a974-4064-b8bd-d92867d590f2", "score": 6, "percentage_score": 50, "passed": false, "date_attempted": "2024-03-26T20:03:54.283Z", "start_time": "2024-03-26T20:03:54.283Z", "end_time": "2024-03-26T20:05:13.267Z", "expired": false}}, {"model": "quiz.quizattempt", "pk": "74bc6adb-ea1d-41a7-b7f5-442a262260f2", "fields": {"user": 3, "quiz": "43ec6d72-a974-4064-b8bd-d92867d590f2", "score": 0, "percentage_score": 0, "passed": false, "date_attempted": "2024-03-27T15:17:39.862Z", "start_time": "2024-03-27T15:17:39.862Z", "end_time": null, "expired": false}}, {"model": "quiz.quizattempt", "pk": "86c1442e-2f5f-4775-bd99-2be5cc26baa9", "fields": {"user": 4, "quiz": "eda5dfeb-16c6-41db-b76f-2f1723b76a5e", "score": 10, "percentage_score": 67, "passed": false, "date_attempted": "2024-03-26T19:59:35.954Z", "start_time": "2024-03-26T19:59:35.954Z", "end_time": "2024-03-26T19:59:48.039Z", "expired": false}}, {"model": "quiz.quizattempt", "pk": "887a55d9-913b-49e3-98c9-e254ddee4e3f", "fields": {"user": 3, "quiz": "43ec6d72-a974-4064-b8bd-d92867d590f2", "score": 0, "percentage_score": 0, "passed": false, "date_attempted": "2024-03-27T15:17:09.264Z", "start_time": "2024-03-27T15:17:09.263Z", "end_time": null, "expired": false}}, {"model": "quiz.quizattempt", "pk": "90e56dc4-8e21-469a-a5b3-4e123ba834d0", "fields": {"user": 5, "quiz": "43ec6d72-a974-4064-b8bd-d92867d590f2", "score": 9, "percentage_score": 75, "passed": true, "date_attempted": "2024-03-26T20:05:23.426Z", "start_time": "2024-03-26T20:05:23.426Z", "end_time": "2024-03-26T20:05:32.343Z", "expired": false}}, {"model": "quiz.quizattempt", "pk": "94dce219-b250-484e-93c3-13855acf673d", "fields": {"user": 5, "quiz": "43ec6d72-a974-4064-b8bd-d92867d590f2", "score": 9, "percentage_score": 75, "passed": true, "date_attempted": "2024-03-27T16:26:00.329Z", "start_time": "2024-03-27T16:26:00.329Z", "end_time": "2024-03-27T16:28:03.178Z", "expired": false}}, {"model": "quiz.quizattempt", "pk": "9dbebca2-bf32-4494-8b77-6737d818c6b1", "fields": {"user": 5, "quiz": "eda5dfeb-16c6-41db-b76f-2f1723b76a5e", "score": 10, "percentage_score": 67, "passed": false, "date_attempted": "2024-03-27T18:17:13.781Z", "start_time": "2024-03-27T18:17:13.781Z", "end_time": "2024-03-27T18:17:26.257Z", "expired": true}}, {"model": "quiz.quizattempt", "pk": "a82e6cc7-e8b0-4094-8876-155f0901622c", "fields": {"user": 4, "quiz": "eda5dfeb-16c6-41db-b76f-2f1723b76a5e", "score": 5, "percentage_score": 33, "passed": false, "date_attempted": "2024-03-26T19:56:21.510Z", "start_time": "2024-03-26T19:56:21.504Z", "end_time": "2024-03-26T19:57:22.725Z", "expired": false}}, {"model": "quiz.quizattempt", "pk": "b3b7c4c0-0de4-45af-8287-da4d6de7348f", "fields": {"user": 4, "quiz": "43ec6d72-a974-4064-b8bd-d92867d590f2", "score": 9, "percentage_score": 75, "passed": true, "date_attempted": "2024-03-26T20:14:32.370Z", "start_time": "2024-03-26T20:14:32.370Z", "end_time": "2024-03-26T20:14:41.660Z", "expired": false}}, {"model": "quiz.quizattempt", "pk": "b5904553-8305-4aac-a373-5b94490a1940", "fields": {"user": 5, "quiz": "eda5dfeb-16c6-41db-b76f-2f1723b76a5e", "score": 15, "percentage_score": 100, "passed": true, "date_attempted": "2024-03-26T20:13:58.948Z", "start_time": "2024-03-26T20:13:58.948Z", "end_time": "2024-03-26T20:14:05.291Z", "expired": true}}, {"model": "quiz.quizattempt", "pk": "c36bd83f-3588-458f-8f94-8b9697377353", "fields": {"user": 3, "quiz": "43ec6d72-a974-4064-b8bd-d92867d590f2", "score": 0, "percentage_score": 0, "passed": false, "date_attempted": "2024-03-27T15:19:35.968Z", "start_time": "2024-03-27T15:19:35.967Z", "end_time": null, "expired": false}}, {"model": "quiz.quizattempt", "pk": "c5bc1fb5-15a3-41fb-b078-63a6f4170256", "fields": {"user": 5, "quiz": "f51c9f4d-8c39-4733-889f-b8e3ebbf4645", "score": 6, "percentage_score": 67, "passed": false, "date_attempted": "2024-03-29T12:14:22.488Z", "start_time": "2024-03-29T12:14:22.487Z", "end_time": "2024-03-29T12:14:31.177Z", "expired": false}}, {"model": "quiz.quizattempt", "pk": "c7de6c5d-2b5a-4cd1-8812-e0c740b2e017", "fields": {"user": 4, "quiz": "f51c9f4d-8c39-4733-889f-b8e3ebbf4645", "score": 9, "percentage_score": 100, "passed": true, "date_attempted": "2024-03-29T12:23:20.176Z", "start_time": "2024-03-29T12:23:20.176Z", "end_time": "2024-03-29T12:23:26.336Z", "expired": false}}, {"model": "quiz.quizattempt", "pk": "d111e96e-90b9-42cc-a885-257d08841200", "fields": {"user": 5, "quiz": "f51c9f4d-8c39-4733-889f-b8e3ebbf4645", "score": 3, "percentage_score": 33, "passed": false, "date_attempted": "2024-03-29T12:14:01.031Z", "start_time": "2024-03-29T12:14:01.031Z", "end_time": "2024-03-29T12:14:15.304Z", "expired": false}}, {"model": "quiz.quizattempt", "pk": "d86cb70c-6ee8-4584-97ca-9ade61440034", "fields": {"user": 5, "quiz": "eda5dfeb-16c6-41db-b76f-2f1723b76a5e", "score": 5, "percentage_score": 33, "passed": false, "date_attempted": "2024-03-27T18:13:12.270Z", "start_time": "2024-03-27T18:13:12.263Z", "end_time": "2024-03-27T18:13:48.155Z", "expired": true}}, {"model": "quiz.quizattempt", "pk": "dbc23ff3-02c6-4b0c-86d1-8287f61193c6", "fields": {"user": 3, "quiz": "43ec6d72-a974-4064-b8bd-d92867d590f2", "score": 0, "percentage_score": 0, "passed": false, "date_attempted": "2024-03-27T15:20:08.405Z", "start_time": "2024-03-27T15:20:08.405Z", "end_time": null, "expired": false}}, {"model": "quiz.quizattempt", "pk": "dd98bc89-8a32-4d49-940e-2c9ac5ff04a0", "fields": {"user": 5, "quiz": "33c5539f-065c-454c-939d-dae0bad8d309", "score": 5, "percentage_score": 33, "passed": false, "date_attempted": "2024-03-29T12:00:00.033Z", "start_time": "2024-03-29T12:00:00.032Z", "end_time": "2024-03-29T12:00:05.404Z", "expired": false}}, {"model": "quiz.quizattempt", "pk": "f3d8c242-9672-4979-90ee-f33e7923ba08", "fields": {"user": 5, "quiz": "f51c9f4d-8c39-4733-889f-b8e3ebbf4645", "score": 9, "percentage_score": 100, "passed": true, "date_attempted": "2024-03-29T12:14:39.168Z", "start_time": "2024-03-29T12:14:39.168Z", "end_time": "2024-03-29T12:14:59.577Z", "expired": false}}, {"model": "quiz.answer", "pk": "0154c9e3-60de-41da-9066-68de553083ed", "fields": {"quiz_attempt": "dd98bc89-8a32-4d49-940e-2c9ac5ff04a0", "question": "cb5b1f1a-d4a2-443f-afd1-a3accf994a5b", "selected_options": ["18fe8f2c-f955-41db-aac4-ee51287d7a9e"]}}, {"model": "quiz.answer", "pk": "01c8158c-49e8-4b5a-af7d-59d82c86fab9", "fields": {"quiz_attempt": "c5bc1fb5-15a3-41fb-b078-63a6f4170256", "question": "a61f05dc-6850-46f8-ae4e-afab6e42d215", "selected_options": ["72bfea36-71d2-4cd8-b4ea-5ecba453b49c"]}}, {"model": "quiz.answer", "pk": "09e650c4-9c9b-41bb-abee-d454b5a28d40", "fields": {"quiz_attempt": "6fed2200-4303-44cf-93ec-0f8088ff0958", "question": "fac2d214-c791-4186-b01f-629a5b393794", "selected_options": ["ce67b674-9426-4436-8a10-89f220c449b5"]}}, {"model": "quiz.answer", "pk": "0aeaea9a-5cd4-4bd3-945e-eaaecab0ece6", "fields": {"quiz_attempt": "94dce219-b250-484e-93c3-13855acf673d", "question": "cc3ac08a-4e45-4182-b2c2-aaad8c9b9d1c", "selected_options": ["698a3a63-8a8d-4b60-b3ff-7e046e791b69"]}}, {"model": "quiz.answer", "pk": "0f66b44f-c579-4b76-a242-8bceff4d9725", "fields": {"quiz_attempt": "d111e96e-90b9-42cc-a885-257d08841200", "question": "77f5e7aa-2f82-4636-ad19-cb4211a1911c", "selected_options": ["dd6f2e63-db94-4d33-8fc3-f63f3473b1a6"]}}, {"model": "quiz.answer", "pk": "10e33f3e-6537-41e4-b926-f45b68816b7c", "fields": {"quiz_attempt": "6fed2200-4303-44cf-93ec-0f8088ff0958", "question": "cc3ac08a-4e45-4182-b2c2-aaad8c9b9d1c", "selected_options": ["698a3a63-8a8d-4b60-b3ff-7e046e791b69"]}}, {"model": "quiz.answer", "pk": "10ed781f-aa60-48ba-937b-4ab0a777695f", "fields": {"quiz_attempt": "46da7762-dfc0-4b10-97de-a00b1b9d7267", "question": "fb85b9e6-5157-448f-ae3a-cffcc3f573d0", "selected_options": ["c645e827-8813-403d-b7e5-2a76b9ea70f5"]}}, {"model": "quiz.answer", "pk": "17100b6a-74a7-4799-9951-6224c39d73f1", "fields": {"quiz_attempt": "9dbebca2-bf32-4494-8b77-6737d818c6b1", "question": "a4c77adf-3014-43ae-8d6c-94cf2c4cacb2", "selected_options": ["4b948711-98e3-43d9-b298-077ea7706287"]}}, {"model": "quiz.answer", "pk": "1cee75bb-698b-49ef-9133-b6d6a13cc057", "fields": {"quiz_attempt": "9dbebca2-bf32-4494-8b77-6737d818c6b1", "question": "49fac0be-6ffd-4855-a33c-987f54a8f97b", "selected_options": ["0f06a2ce-ff4a-460a-a428-b2ba2626b379"]}}, {"model": "quiz.answer", "pk": "28932c1f-dd1a-498e-bfa0-dc37ebed585b", "fields": {"quiz_attempt": "90e56dc4-8e21-469a-a5b3-4e123ba834d0", "question": "dbd6ca71-46de-4c24-9f04-5cf7c3e0840b", "selected_options": ["d2e7cf85-5f9c-45d1-9780-02e09ea14fec"]}}, {"model": "quiz.answer", "pk": "3049b6f8-19aa-48e9-bf28-1a72639c37d2", "fields": {"quiz_attempt": "b5904553-8305-4aac-a373-5b94490a1940", "question": "49fac0be-6ffd-4855-a33c-987f54a8f97b", "selected_options": ["0f06a2ce-ff4a-460a-a428-b2ba2626b379", "31fdefdd-91a9-42ee-a0cb-3c35fec206e2"]}}, {"model": "quiz.answer", "pk": "32835f1c-e089-4ba9-8416-7d7893e4c83f", "fields": {"quiz_attempt": "c7de6c5d-2b5a-4cd1-8812-e0c740b2e017", "question": "a61f05dc-6850-46f8-ae4e-afab6e42d215", "selected_options": ["72bfea36-71d2-4cd8-b4ea-5ecba453b49c"]}}, {"model": "quiz.answer", "pk": "3294fd49-111d-46fc-bbe2-9774063ceb8b", "fields": {"quiz_attempt": "b3b7c4c0-0de4-45af-8287-da4d6de7348f", "question": "dbd6ca71-46de-4c24-9f04-5cf7c3e0840b", "selected_options": ["d2e7cf85-5f9c-45d1-9780-02e09ea14fec"]}}, {"model": "quiz.answer", "pk": "39cd29ee-2cdb-446a-8e72-78308d823515", "fields": {"quiz_attempt": "c7de6c5d-2b5a-4cd1-8812-e0c740b2e017", "question": "2218799d-b0b1-428b-abef-d482ea133478", "selected_options": ["6d374b2d-c746-47ce-afe6-ee0cb26599f8", "847c7746-b9d6-4e09-8ce3-fe86115f3df4"]}}, {"model": "quiz.answer", "pk": "3a5cd617-4a5d-4596-b7ed-6fcbc749c805", "fields": {"quiz_attempt": "b5904553-8305-4aac-a373-5b94490a1940", "question": "a4c77adf-3014-43ae-8d6c-94cf2c4cacb2", "selected_options": ["4b948711-98e3-43d9-b298-077ea7706287"]}}, {"model": "quiz.answer", "pk": "3b4bc59e-b01c-44fb-86e4-b25356af7aa1", "fields": {"quiz_attempt": "f3d8c242-9672-4979-90ee-f33e7923ba08", "question": "2218799d-b0b1-428b-abef-d482ea133478", "selected_options": ["6d374b2d-c746-47ce-afe6-ee0cb26599f8"]}}, {"model": "quiz.answer", "pk": "4a70128a-623a-4fb0-8189-194003a176f0", "fields": {"quiz_attempt": "6a7fb78b-9351-4903-baa6-e528c11fe103", "question": "fac2d214-c791-4186-b01f-629a5b393794", "selected_options": ["ad137e7a-7bd8-4b7d-b47d-52ffcf11d392"]}}, {"model": "quiz.answer", "pk": "4ba7fef9-97ed-42a9-9693-a9e371e7f71b", "fields": {"quiz_attempt": "d86cb70c-6ee8-4584-97ca-9ade61440034", "question": "49fac0be-6ffd-4855-a33c-987f54a8f97b", "selected_options": ["0f06a2ce-ff4a-460a-a428-b2ba2626b379"]}}, {"model": "quiz.answer", "pk": "5060bfa0-2769-475e-9c3d-8e4be04cccd4", "fields": {"quiz_attempt": "90e56dc4-8e21-469a-a5b3-4e123ba834d0", "question": "fac2d214-c791-4186-b01f-629a5b393794", "selected_options": ["ad137e7a-7bd8-4b7d-b47d-52ffcf11d392"]}}, {"model": "quiz.answer", "pk": "53ddd433-ee72-4dab-82cc-446c3b47cc2a", "fields": {"quiz_attempt": "6fed2200-4303-44cf-93ec-0f8088ff0958", "question": "dbd6ca71-46de-4c24-9f04-5cf7c3e0840b", "selected_options": ["d2e7cf85-5f9c-45d1-9780-02e09ea14fec"]}}, {"model": "quiz.answer", "pk": "589bd905-63a3-46bb-8912-5989d7c2bfe4", "fields": {"quiz_attempt": "6fed2200-4303-44cf-93ec-0f8088ff0958", "question": "036b4493-5d91-4e1d-8f5e-6a6b91393f4d", "selected_options": ["bf41775a-167e-4d70-809d-499c366236eb"]}}, {"model": "quiz.answer", "pk": "5c38d670-887b-436d-8704-e1ff6c5f57f3", "fields": {"quiz_attempt": "2c2a84db-4d59-4262-aa8c-359c378e35ec", "question": "cb5b1f1a-d4a2-443f-afd1-a3accf994a5b", "selected_options": ["76ef2858-2a7d-446f-b6f9-aeb868f0fcd2"]}}, {"model": "quiz.answer", "pk": "5cbfcbc9-5395-45fb-9b32-6c2be25e795d", "fields": {"quiz_attempt": "86c1442e-2f5f-4775-bd99-2be5cc26baa9", "question": "49fac0be-6ffd-4855-a33c-987f54a8f97b", "selected_options": ["31fdefdd-91a9-42ee-a0cb-3c35fec206e2"]}}, {"model": "quiz.answer", "pk": "66ec83c2-ec6e-485c-b7a1-7ebb3d977f22", "fields": {"quiz_attempt": "c5bc1fb5-15a3-41fb-b078-63a6f4170256", "question": "2218799d-b0b1-428b-abef-d482ea133478", "selected_options": ["6d374b2d-c746-47ce-afe6-ee0cb26599f8"]}}, {"model": "quiz.answer", "pk": "6802f1e3-3d56-4f1a-9dae-37156b3dbcc4", "fields": {"quiz_attempt": "46da7762-dfc0-4b10-97de-a00b1b9d7267", "question": "a4c77adf-3014-43ae-8d6c-94cf2c4cacb2", "selected_options": ["4b948711-98e3-43d9-b298-077ea7706287"]}}, {"model": "quiz.answer", "pk": "682b0aa6-d020-4eb0-9ed7-ddc647a01437", "fields": {"quiz_attempt": "6a7fb78b-9351-4903-baa6-e528c11fe103", "question": "036b4493-5d91-4e1d-8f5e-6a6b91393f4d", "selected_options": ["0ce93605-1c75-47ed-863a-10e20c5efb20", "bf41775a-167e-4d70-809d-499c366236eb"]}}, {"model": "quiz.answer", "pk": "69ca2346-c4c4-40fa-8ec3-06cdf280a76c", "fields": {"quiz_attempt": "dd98bc89-8a32-4d49-940e-2c9ac5ff04a0", "question": "af21abab-fb0d-4c21-9f33-4b22197ae288", "selected_options": ["bf451b9a-c586-410c-beb4-73518d4949a6"]}}, {"model": "quiz.answer", "pk": "6e27e34e-8368-40ac-b5a3-b93b68d85234", "fields": {"quiz_attempt": "dd98bc89-8a32-4d49-940e-2c9ac5ff04a0", "question": "8cc64443-a338-48e2-b1da-158e87e0e9e9", "selected_options": ["fd8681f2-5c1b-4a51-a3a6-501b8eae89c3"]}}, {"model": "quiz.answer", "pk": "6fb46347-9ec1-4f9d-bc6e-9d82c4d60ec9", "fields": {"quiz_attempt": "90e56dc4-8e21-469a-a5b3-4e123ba834d0", "question": "cc3ac08a-4e45-4182-b2c2-aaad8c9b9d1c", "selected_options": ["698a3a63-8a8d-4b60-b3ff-7e046e791b69"]}}, {"model": "quiz.answer", "pk": "72f190f8-f286-43b1-b4eb-c6878727818e", "fields": {"quiz_attempt": "94dce219-b250-484e-93c3-13855acf673d", "question": "036b4493-5d91-4e1d-8f5e-6a6b91393f4d", "selected_options": ["0ce93605-1c75-47ed-863a-10e20c5efb20"]}}, {"model": "quiz.answer", "pk": "758f6ed0-407b-4fd4-b8bd-592b0a771eeb", "fields": {"quiz_attempt": "c7de6c5d-2b5a-4cd1-8812-e0c740b2e017", "question": "77f5e7aa-2f82-4636-ad19-cb4211a1911c", "selected_options": ["9af8fa2b-cec8-4e37-a1db-b38ab24b8669"]}}, {"model": "quiz.answer", "pk": "75d2d3f7-04e1-4b2f-94bf-c64ec44c02ed", "fields": {"quiz_attempt": "6a7fb78b-9351-4903-baa6-e528c11fe103", "question": "cc3ac08a-4e45-4182-b2c2-aaad8c9b9d1c", "selected_options": ["698a3a63-8a8d-4b60-b3ff-7e046e791b69"]}}, {"model": "quiz.answer", "pk": "7dcc6889-c34c-420f-b53e-6dc1d6f2741d", "fields": {"quiz_attempt": "2c2a84db-4d59-4262-aa8c-359c378e35ec", "question": "af21abab-fb0d-4c21-9f33-4b22197ae288", "selected_options": ["5b1c97a1-7c21-4467-afc7-5ba11f92b0a2"]}}, {"model": "quiz.answer", "pk": "7ef61f8a-dee7-4c46-8b8d-44616393d671", "fields": {"quiz_attempt": "9dbebca2-bf32-4494-8b77-6737d818c6b1", "question": "fb85b9e6-5157-448f-ae3a-cffcc3f573d0", "selected_options": ["c645e827-8813-403d-b7e5-2a76b9ea70f5"]}}, {"model": "quiz.answer", "pk": "80850be3-0f57-464e-8d80-928a541fc988", "fields": {"quiz_attempt": "d111e96e-90b9-42cc-a885-257d08841200", "question": "a61f05dc-6850-46f8-ae4e-afab6e42d215", "selected_options": ["72bfea36-71d2-4cd8-b4ea-5ecba453b49c"]}}, {"model": "quiz.answer", "pk": "859b7c49-2b71-4b48-96dc-d4619cfc9421", "fields": {"quiz_attempt": "b3b7c4c0-0de4-45af-8287-da4d6de7348f", "question": "fac2d214-c791-4186-b01f-629a5b393794", "selected_options": ["ad137e7a-7bd8-4b7d-b47d-52ffcf11d392"]}}, {"model": "quiz.answer", "pk": "85e0b929-1cdc-435e-aee6-f71e8d8d9b5f", "fields": {"quiz_attempt": "5f6cbe64-3e3a-4db4-964f-584e8352360b", "question": "a61f05dc-6850-46f8-ae4e-afab6e42d215", "selected_options": ["13544ba1-831c-4b9e-b093-fe57a0d5a6ce"]}}, {"model": "quiz.answer", "pk": "885949a4-124b-4efa-9d88-548324156cfc", "fields": {"quiz_attempt": "b3b7c4c0-0de4-45af-8287-da4d6de7348f", "question": "cc3ac08a-4e45-4182-b2c2-aaad8c9b9d1c", "selected_options": ["7bf198bb-c820-4059-a27b-a724c9e8e6a6"]}}, {"model": "quiz.answer", "pk": "8bbc69fb-f5de-4c76-8a19-aef895acf500", "fields": {"quiz_attempt": "d111e96e-90b9-42cc-a885-257d08841200", "question": "2218799d-b0b1-428b-abef-d482ea133478", "selected_options": ["847c7746-b9d6-4e09-8ce3-fe86115f3df4"]}}, {"model": "quiz.answer", "pk": "8d544b95-c2ac-45df-915d-1daad5c02346", "fields": {"quiz_attempt": "a82e6cc7-e8b0-4094-8876-155f0901622c", "question": "fb85b9e6-5157-448f-ae3a-cffcc3f573d0", "selected_options": ["1d3ef92f-9c99-4181-9e60-58e8b109e5f8"]}}, {"model": "quiz.answer", "pk": "8ebd7bda-b9ef-473e-9cd4-4ee60994f1d9", "fields": {"quiz_attempt": "5f6cbe64-3e3a-4db4-964f-584e8352360b", "question": "2218799d-b0b1-428b-abef-d482ea133478", "selected_options": ["6d374b2d-c746-47ce-afe6-ee0cb26599f8", "847c7746-b9d6-4e09-8ce3-fe86115f3df4"]}}, {"model": "quiz.answer", "pk": "96005962-5086-4028-85b7-ab41517ffb87", "fields": {"quiz_attempt": "86c1442e-2f5f-4775-bd99-2be5cc26baa9", "question": "a4c77adf-3014-43ae-8d6c-94cf2c4cacb2", "selected_options": ["4b948711-98e3-43d9-b298-077ea7706287"]}}, {"model": "quiz.answer", "pk": "9d599bea-c227-4e98-a836-3d0ddf2ae264", "fields": {"quiz_attempt": "b3b7c4c0-0de4-45af-8287-da4d6de7348f", "question": "036b4493-5d91-4e1d-8f5e-6a6b91393f4d", "selected_options": ["0ce93605-1c75-47ed-863a-10e20c5efb20", "bf41775a-167e-4d70-809d-499c366236eb"]}}, {"model": "quiz.answer", "pk": "b0a8a3d7-f909-437a-955f-8145e2eb2243", "fields": {"quiz_attempt": "5f6cbe64-3e3a-4db4-964f-584e8352360b", "question": "77f5e7aa-2f82-4636-ad19-cb4211a1911c", "selected_options": ["9af8fa2b-cec8-4e37-a1db-b38ab24b8669"]}}, {"model": "quiz.answer", "pk": "b2b62080-8a6e-4bfd-ab54-04534bf6d320", "fields": {"quiz_attempt": "86c1442e-2f5f-4775-bd99-2be5cc26baa9", "question": "fb85b9e6-5157-448f-ae3a-cffcc3f573d0", "selected_options": ["c645e827-8813-403d-b7e5-2a76b9ea70f5"]}}, {"model": "quiz.answer", "pk": "b8bee77f-fa6c-40f6-9277-7fbab510407d", "fields": {"quiz_attempt": "6a7fb78b-9351-4903-baa6-e528c11fe103", "question": "dbd6ca71-46de-4c24-9f04-5cf7c3e0840b", "selected_options": ["d2e7cf85-5f9c-45d1-9780-02e09ea14fec"]}}, {"model": "quiz.answer", "pk": "bc5a75a8-1de2-4270-8cb8-bcf02f061d88", "fields": {"quiz_attempt": "a82e6cc7-e8b0-4094-8876-155f0901622c", "question": "a4c77adf-3014-43ae-8d6c-94cf2c4cacb2", "selected_options": ["4b948711-98e3-43d9-b298-077ea7706287"]}}, {"model": "quiz.answer", "pk": "c3e6a907-d20b-4234-9f75-25447ac94e70", "fields": {"quiz_attempt": "d86cb70c-6ee8-4584-97ca-9ade61440034", "question": "fb85b9e6-5157-448f-ae3a-cffcc3f573d0", "selected_options": ["921f9964-39ea-4fbe-866f-fc5824249a6b"]}}, {"model": "quiz.answer", "pk": "c9d03deb-54c1-4a2b-b7a0-6d0426721d0d", "fields": {"quiz_attempt": "a82e6cc7-e8b0-4094-8876-155f0901622c", "question": "49fac0be-6ffd-4855-a33c-987f54a8f97b", "selected_options": ["31fdefdd-91a9-42ee-a0cb-3c35fec206e2"]}}, {"model": "quiz.answer", "pk": "cacd0c4e-d546-41f2-a2d3-bfa6938c2ff8", "fields": {"quiz_attempt": "90e56dc4-8e21-469a-a5b3-4e123ba834d0", "question": "036b4493-5d91-4e1d-8f5e-6a6b91393f4d", "selected_options": ["bf41775a-167e-4d70-809d-499c366236eb"]}}, {"model": "quiz.answer", "pk": "d0594dcd-dbd7-4599-90c6-65a87a5e892d", "fields": {"quiz_attempt": "f3d8c242-9672-4979-90ee-f33e7923ba08", "question": "77f5e7aa-2f82-4636-ad19-cb4211a1911c", "selected_options": ["9af8fa2b-cec8-4e37-a1db-b38ab24b8669"]}}, {"model": "quiz.answer", "pk": "d1e66200-7576-44f8-b324-9132dad66bf9", "fields": {"quiz_attempt": "46da7762-dfc0-4b10-97de-a00b1b9d7267", "question": "49fac0be-6ffd-4855-a33c-987f54a8f97b", "selected_options": ["0f06a2ce-ff4a-460a-a428-b2ba2626b379", "31fdefdd-91a9-42ee-a0cb-3c35fec206e2"]}}, {"model": "quiz.answer", "pk": "d3032423-9ee7-458e-8e79-14843b342e1f", "fields": {"quiz_attempt": "b5904553-8305-4aac-a373-5b94490a1940", "question": "fb85b9e6-5157-448f-ae3a-cffcc3f573d0", "selected_options": ["c645e827-8813-403d-b7e5-2a76b9ea70f5"]}}, {"model": "quiz.answer", "pk": "d4e74c87-15aa-40cc-af8a-f6c4b5c68323", "fields": {"quiz_attempt": "94dce219-b250-484e-93c3-13855acf673d", "question": "dbd6ca71-46de-4c24-9f04-5cf7c3e0840b", "selected_options": ["d2e7cf85-5f9c-45d1-9780-02e09ea14fec"]}}, {"model": "quiz.answer", "pk": "d97cd566-43d7-4d05-8cff-808b5ea24d7c", "fields": {"quiz_attempt": "d86cb70c-6ee8-4584-97ca-9ade61440034", "question": "a4c77adf-3014-43ae-8d6c-94cf2c4cacb2", "selected_options": ["4b948711-98e3-43d9-b298-077ea7706287"]}}, {"model": "quiz.answer", "pk": "e46dc0a6-7d39-4799-b83c-05f509636ae8", "fields": {"quiz_attempt": "2c2a84db-4d59-4262-aa8c-359c378e35ec", "question": "8cc64443-a338-48e2-b1da-158e87e0e9e9", "selected_options": ["fd8681f2-5c1b-4a51-a3a6-501b8eae89c3"]}}, {"model": "quiz.answer", "pk": "e4e51c8e-90f9-43ae-bfa1-0129af8f061b", "fields": {"quiz_attempt": "f3d8c242-9672-4979-90ee-f33e7923ba08", "question": "a61f05dc-6850-46f8-ae4e-afab6e42d215", "selected_options": ["72bfea36-71d2-4cd8-b4ea-5ecba453b49c"]}}, {"model": "quiz.answer", "pk": "f52c6b6e-9059-4797-9467-14938edd27c8", "fields": {"quiz_attempt": "94dce219-b250-484e-93c3-13855acf673d", "question": "fac2d214-c791-4186-b01f-629a5b393794", "selected_options": ["ad137e7a-7bd8-4b7d-b47d-52ffcf11d392"]}}, {"model": "quiz.answer", "pk": "fc41b394-bc50-48ed-8f36-58c2fc5b654f", "fields": {"quiz_attempt": "c5bc1fb5-15a3-41fb-b078-63a6f4170256", "question": "77f5e7aa-2f82-4636-ad19-cb4211a1911c", "selected_options": ["dd6f2e63-db94-4d33-8fc3-f63f3473b1a6"]}}, {"model": "quiz.customuser", "pk": 1, "fields": {"password": "pbkdf2_sha256$720000$evSo0AEZekFkMt9Vg5qUlk$pY0LmAa35jBGy4i1yHvf4G+S9AV0t+BdhXVKXlB3K94=", "last_login": "2024-03-26T19:22:51.331Z", "is_superuser": true, "username": "admin", "first_name": "", "last_name": "", "is_staff": true, "is_active": true, "date_joined": "2024-03-26T19:21:53.070Z", "email": "admin@test.com", "status": "student", "school": "", "image": "default/user.jpg", "groups": [], "user_permissions": [], "subjects": []}}, {"model": "quiz.customuser", "pk": 2, "fields": {"password": "pbkdf2_sha256$720000$2Ssw7p9mHU2oiwuaABYJi4$DPwj4srjZ3lfzKJH7l81NttDwA1pofaWrTRv0sACN7k=", "last_login": "2024-03-26T19:29:04.344Z", "is_superuser": false, "username": "Chris", "first_name": "Chrispine", "last_name": "Saka", "is_staff": false, "is_active": true, "date_joined": "2024-03-26T19:27:56.837Z", "email": "sakachris90@gmail.com", "status": "teacher", "school": "Nuru Academy", "image": "default/user.jpg", "groups": [], "user_permissions": [], "subjects": []}}, {"model": "quiz.customuser", "pk": 3, "fields": {"password": "pbkdf2_sha256$720000$GVuix9kwn4vGb7jQQ2TU3f$XNZVUm3lgqumWWOerHEd54nS+GLOlrureaoqWpOZFWI=", "last_login": "2024-03-26T19:34:58.245Z", "is_superuser": false, "username": "Charles", "first_name": "Charles", "last_name": "Odoyo", "is_staff": false, "is_active": true, "date_joined": "2024-03-26T19:31:43.822Z", "email": "sakachrispo@gmail.com", "status": "teacher", "school": "Bidii Academy", "image": "default/user.jpg", "groups": [], "user_permissions": [], "subjects": []}}, {"model": "quiz.customuser", "pk": 4, "fields": {"password": "pbkdf2_sha256$720000$CDnrB4wNPgC2C7a438ZZzf$0h4bvIWZurFWMWRRNPMEEp/3NDnserY0GLsJZTqKwDM=", "last_login": "2024-03-26T19:36:50.046Z", "is_superuser": false, "username": "Edith", "first_name": "Edith", "last_name": "Mumbi", "is_staff": false, "is_active": true, "date_joined": "2024-03-26T19:36:04.099Z", "email": "sakachrispine388@gmail.com", "status": "student", "school": "Nuru Academy", "image": "default/user.jpg", "groups": [], "user_permissions": [], "subjects": ["5958769f-0f02-4759-931c-67370887263d", "8246d936-e928-470c-be2a-718d48c19943", "c8331415-aacd-4fea-9c6d-efab429807e4"]}}, {"model": "quiz.customuser", "pk": 5, "fields": {"password": "pbkdf2_sha256$720000$M95co9nPYMMDEEXMdAqcnH$z04bM1paqOJLZ7oPs0CwA7IplehqJeE6+bc5lyapx/s=", "last_login": "2024-03-29T12:16:50.063Z", "is_superuser": false, "username": "Grace", "first_name": "Grace", "last_name": "Achieng", "is_staff": false, "is_active": true, "date_joined": "2024-03-26T19:38:24.671Z", "email": "sakachrispine@gmail.com", "status": "student", "school": "Bidii Academy", "image": "default/user.jpg", "groups": [], "user_permissions": [], "subjects": ["5958769f-0f02-4759-931c-67370887263d", "8246d936-e928-470c-be2a-718d48c19943", "c8331415-aacd-4fea-9c6d-efab429807e4"]}}]